{"stats":{"minecraft:custom":{"minecraft:time_since_rest":16907,"minecraft:interact_with_furnace":2,"minecraft:sprint_one_cm":63066,"minecraft:damage_taken":885,"minecraft:walk_one_cm":105800,"minecraft:mob_kills":8,"minecraft:drop":9,"minecraft:damage_dealt":2031,"minecraft:interact_with_crafting_table":9,"minecraft:fly_one_cm":83066,"minecraft:open_chest":10,"minecraft:crouch_one_cm":7091,"minecraft:play_time":56431,"minecraft:deaths":2,"minecraft:sneak_time":4261,"minecraft:jump":465,"minecraft:leave_game":3,"minecraft:time_since_death":16874,"minecraft:climb_one_cm":26414,"minecraft:total_world_time":56431,"minecraft:fall_one_cm":15926,"minecraft:inspect_dispenser":2},"minecraft:used":{"minecraft:dark_oak_stairs":1,"minecraft:spruce_slab":3,"minecraft:oak_planks":17,"minecraft:wooden_pickaxe":40,"minecraft:stone":12,"minecraft:torch":4,"minecraft:golden_apple":1,"minecraft:coal_block":4,"minecraft:crafting_table":3,"minecraft:acacia_planks":8},"minecraft:picked_up":{"minecraft:stick":1,"minecraft:acacia_log":13,"minecraft:oak_log":6,"minecraft:string":3,"minecraft:light_gray_concrete":3,"minecraft:bone":7,"minecraft:arrow":6,"minecraft:wheat_seeds":1,"minecraft:spruce_slab":7,"minecraft:dark_oak_stairs":1,"minecraft:oak_planks":6,"minecraft:coal_block":8,"minecraft:cobblestone":3},"minecraft:crafted":{"minecraft:oak_planks":24,"minecraft:coal":36,"minecraft:crafting_table":3,"minecraft:stick":8,"minecraft:wooden_pickaxe":2,"minecraft:iron_helmet":1,"minecraft:stone_sword":1,"minecraft:iron_leggings":1,"minecraft:acacia_planks":52,"minecraft:torch":8},"minecraft:broken":{"minecraft:wooden_pickaxe":1},"minecraft:killed_by":{"minecraft:creeper":1},"minecraft:mined":{"minecraft:black_stained_glass_pane":1,"minecraft:acacia_leaves":1,"minecraft:glass_pane":2,"minecraft:dark_oak_stairs":1,"minecraft:acacia_log":13,"minecraft:grass":2,"minecraft:oak_log":6,"minecraft:light_gray_concrete":3,"minecraft:tall_grass":1,"minecraft:glass":1,"minecraft:coal_block":8,"minecraft:stone":3,"minecraft:oak_planks":6,"minecraft:oak_leaves":1,"minecraft:spruce_slab":5,"minecraft:tripwire":3,"minecraft:spawner":2},"minecraft:killed":{"minecraft:skeleton":8},"minecraft:dropped":{"minecraft:wheat_seeds":1,"minecraft:spruce_slab":4,"minecraft:quartz":7,"minecraft:bone":7}},"DataVersion":2975}