{"stats":{"minecraft:custom":{"minecraft:time_since_rest":4201,"minecraft:sprint_one_cm":42358,"minecraft:damage_taken":401,"minecraft:walk_one_cm":73368,"minecraft:mob_kills":7,"minecraft:drop":2,"minecraft:damage_dealt":1501,"minecraft:interact_with_crafting_table":5,"minecraft:fly_one_cm":58721,"minecraft:open_chest":5,"minecraft:crouch_one_cm":4464,"minecraft:play_time":29688,"minecraft:deaths":1,"minecraft:sneak_time":2844,"minecraft:jump":326,"minecraft:leave_game":2,"minecraft:time_since_death":4165,"minecraft:climb_one_cm":19493,"minecraft:total_world_time":29688,"minecraft:fall_one_cm":7248,"minecraft:inspect_dispenser":1},"minecraft:picked_up":{"minecraft:oak_log":6,"minecraft:string":2,"minecraft:light_gray_concrete":3,"minecraft:bone":5,"minecraft:arrow":5,"minecraft:spruce_slab":1,"minecraft:oak_planks":6,"minecraft:coal_block":8},"minecraft:used":{"minecraft:spruce_slab":1,"minecraft:oak_planks":17,"minecraft:wooden_pickaxe":37,"minecraft:stone":9,"minecraft:torch":3,"minecraft:golden_apple":1,"minecraft:coal_block":4,"minecraft:crafting_table":2},"minecraft:crafted":{"minecraft:oak_planks":24,"minecraft:coal":36,"minecraft:crafting_table":2,"minecraft:stick":4,"minecraft:wooden_pickaxe":1,"minecraft:iron_helmet":1,"minecraft:iron_leggings":1,"minecraft:torch":8},"minecraft:broken":{"minecraft:wooden_pickaxe":1},"minecraft:killed_by":{"minecraft:creeper":1},"minecraft:mined":{"minecraft:oak_log":6,"minecraft:light_gray_concrete":3,"minecraft:coal_block":8,"minecraft:oak_planks":6,"minecraft:oak_leaves":1,"minecraft:spruce_slab":1,"minecraft:tripwire":2,"minecraft:spawner":2},"minecraft:killed":{"minecraft:skeleton":7},"minecraft:dropped":{"minecraft:quartz":7,"minecraft:bone":5}},"DataVersion":2975}