{"stats":{"minecraft:mined":{"minecraft:oak_log":6,"minecraft:light_gray_concrete":3,"minecraft:coal_block":8,"minecraft:oak_planks":6,"minecraft:oak_leaves":1,"minecraft:spruce_slab":1,"minecraft:tripwire":2,"minecraft:spawner":2},"minecraft:custom":{"minecraft:time_since_rest":18473,"minecraft:sprint_one_cm":24381,"minecraft:damage_taken":150,"minecraft:walk_one_cm":54210,"minecraft:mob_kills":7,"minecraft:drop":2,"minecraft:damage_dealt":1488,"minecraft:interact_with_crafting_table":5,"minecraft:fly_one_cm":29316,"minecraft:open_chest":5,"minecraft:crouch_one_cm":4464,"minecraft:play_time":18473,"minecraft:sneak_time":2751,"minecraft:jump":192,"minecraft:leave_game":1,"minecraft:time_since_death":18473,"minecraft:climb_one_cm":10895,"minecraft:total_world_time":18473,"minecraft:fall_one_cm":3135,"minecraft:inspect_dispenser":1},"minecraft:killed":{"minecraft:skeleton":7},"minecraft:dropped":{"minecraft:quartz":7,"minecraft:bone":5},"minecraft:used":{"minecraft:spruce_slab":1,"minecraft:oak_planks":17,"minecraft:wooden_pickaxe":37,"minecraft:torch":3,"minecraft:golden_apple":1,"minecraft:coal_block":4,"minecraft:crafting_table":2},"minecraft:broken":{"minecraft:wooden_pickaxe":1},"minecraft:picked_up":{"minecraft:oak_log":6,"minecraft:string":2,"minecraft:light_gray_concrete":3,"minecraft:arrow":5,"minecraft:bone":5,"minecraft:spruce_slab":1,"minecraft:oak_planks":6,"minecraft:coal_block":8},"minecraft:crafted":{"minecraft:oak_planks":24,"minecraft:coal":36,"minecraft:crafting_table":2,"minecraft:stick":4,"minecraft:wooden_pickaxe":1,"minecraft:iron_helmet":1,"minecraft:iron_leggings":1,"minecraft:torch":8}},"DataVersion":2975}