{"stats":{"minecraft:custom":{"minecraft:time_since_rest":2164,"minecraft:interact_with_furnace":2,"minecraft:sprint_one_cm":50138,"minecraft:damage_taken":885,"minecraft:walk_one_cm":100622,"minecraft:mob_kills":8,"minecraft:drop":8,"minecraft:damage_dealt":2031,"minecraft:interact_with_crafting_table":6,"minecraft:fly_one_cm":64136,"minecraft:open_chest":10,"minecraft:crouch_one_cm":7091,"minecraft:play_time":41688,"minecraft:deaths":2,"minecraft:sneak_time":4261,"minecraft:jump":388,"minecraft:leave_game":2,"minecraft:time_since_death":2131,"minecraft:climb_one_cm":20907,"minecraft:total_world_time":41688,"minecraft:fall_one_cm":13836,"minecraft:inspect_dispenser":2},"minecraft:picked_up":{"minecraft:acacia_log":4,"minecraft:oak_log":6,"minecraft:string":3,"minecraft:light_gray_concrete":3,"minecraft:bone":7,"minecraft:arrow":6,"minecraft:spruce_slab":7,"minecraft:dark_oak_stairs":1,"minecraft:oak_planks":6,"minecraft:coal_block":8},"minecraft:used":{"minecraft:dark_oak_stairs":1,"minecraft:spruce_slab":3,"minecraft:oak_planks":17,"minecraft:wooden_pickaxe":37,"minecraft:stone":9,"minecraft:torch":4,"minecraft:golden_apple":1,"minecraft:coal_block":4,"minecraft:crafting_table":3},"minecraft:crafted":{"minecraft:oak_planks":24,"minecraft:coal":36,"minecraft:crafting_table":3,"minecraft:stick":8,"minecraft:wooden_pickaxe":1,"minecraft:iron_helmet":1,"minecraft:iron_leggings":1,"minecraft:acacia_planks":16,"minecraft:torch":8},"minecraft:broken":{"minecraft:wooden_pickaxe":1},"minecraft:killed_by":{"minecraft:creeper":1},"minecraft:mined":{"minecraft:black_stained_glass_pane":1,"minecraft:glass_pane":2,"minecraft:dark_oak_stairs":1,"minecraft:acacia_log":4,"minecraft:grass":1,"minecraft:oak_log":6,"minecraft:light_gray_concrete":3,"minecraft:glass":1,"minecraft:coal_block":8,"minecraft:oak_planks":6,"minecraft:oak_leaves":1,"minecraft:spruce_slab":5,"minecraft:tripwire":3,"minecraft:spawner":2},"minecraft:killed":{"minecraft:skeleton":8},"minecraft:dropped":{"minecraft:spruce_slab":4,"minecraft:quartz":7,"minecraft:bone":7}},"DataVersion":2975}